Priority,Company,Reviews,Rating,Phone,Address,Website,Pitch Group,Instagram,Instagram URL,Facebook,Email,Best Channels,Chat Widget (scan/check),After-hours test date/time,Test result (voicemail/no answer/answered),Status,Date Contacted,Follow-up Date,Notes
A - best fit,Arizona Professional Roofing,15,4.7,(602) 877-8191,826 S 131st St,arizonaprofessionalroofing.com,Has website - sell AI receptionist + chat,,,,,Call,,,,Not contacted,,,
A - best fit,Casado Roofing LLC,16,5.0,(480) 343-3802,24642 W Atlanta Ave,casadoroofingllc.com,Has website - sell AI receptionist + chat,,,,,Call,,,,Not contacted,,,
A - best fit,Gary and Son Roofing,18,4.7,(602) 843-5858,13036 S Airport Rd,garyandsonroofingaz.com,Has website - sell AI receptionist + chat,,,facebook.com/GaryandSon,,FB DM + Call,,,,Not contacted,,,
A - best fit,Boss Roofing and Home Restoration,19,4.6,(623) 900-8663,,bossroofingandhomerestoration.com,Has website - sell AI receptionist + chat,,,facebook.com/61574503526169,,FB DM + Call,,,,Not contacted,,,
A - best fit,"Right Way Roofing, Inc.",20,4.9,(602) 641-3816,9635 W Peoria Ave #107,azroof.com,Has website - sell AI receptionist + chat,@right.way.roofing,https://www.instagram.com/right.way.roofing/,facebook.com/RightWayRoofingInc,,IG DM + FB DM + Call,,,,Not contacted,,,
A - best fit,Aspect Roofing LLC,20,5.0,(623) 764-6066,6525 W Hubbell St,aspectroofingllc.com,Has website - sell AI receptionist + chat,@aspectroofingllc,https://www.instagram.com/aspectroofingllc/,,,IG DM + Call,,,,Not contacted,,,
A - best fit,Arizona Roof Busters,20,4.7,(602) 638-9342,4112 E Arbor Ave,azroofbusters.com,Has website - sell AI receptionist + chat,@arizona_roof_busters__llc,https://www.instagram.com/arizona_roof_busters__llc/,,,IG DM + Call,,,,Not contacted,,,
A - best fit,Arizona Professional Roofing & Construction,21,4.4,(602) 312-2863,2404 W Turney Ave,azpror.com,Has website - sell AI receptionist + chat,,,facebook.com/ProRoofersAZ,,FB DM + Call,,,,Not contacted,,,
A - best fit,The Arizona Roof Co,22,4.8,(480) 622-4893,,thearizonaroofco.com,Has website - sell AI receptionist + chat,@thearizonaroofco,https://www.instagram.com/thearizonaroofco/,,,IG DM + Call,,,,Not contacted,,,
A - best fit,Pedroza Roofing LLC,28,4.9,(623) 203-4252,10712 S 271st Ave,pedrozaroofingllc.com,Has website - sell AI receptionist + chat,@pedroza_roofing_llc,https://www.instagram.com/pedroza_roofing_llc/,facebook.com/pedrozaroofing,,IG DM + FB DM + Call,,,,Not contacted,,,
A - best fit,D & M Roofing LLC,29,4.6,(480) 745-4597,25600 W MC 85,dandmroofingllc.com,Has website - sell AI receptionist + chat,,,facebook.com/dmroofingllc,,FB DM + Call,,,,Not contacted,,,
A - best fit,Hays Roofing,31,4.5,(602) 854-0423,1717 W Latham St,haysroofing.com,Has website - sell AI receptionist + chat,@haysroofing,https://www.instagram.com/haysroofing/,,,IG DM + Call,,,,Not contacted,,,
A - best fit,Arizona Sky Roofing Consultants - Roofing Contractor & Roof Repair Mesa,32,5.0,(602) 881-6073,2954 E Gable Cir,azskyroofing.com,Has website - sell AI receptionist + chat,@azskyroofing,https://www.instagram.com/azskyroofing/,,,IG DM + Call,,,,Not contacted,,,
A - best fit,JLC Roofing Inc,33,4.1,(623) 878-9832,8760 N 77th Dr,jlcroofingaz.com,Has website - sell AI receptionist + chat,@jlcroofingaz,https://www.instagram.com/jlcroofingaz/,,,IG DM + Call,,,,Not contacted,,,
A - best fit,Jalisco Roofing LLC,36,4.7,(602) 405-0361,30431 W Picadilly Rd,jaliscoroofing.com,Has website - sell AI receptionist + chat,,,facebook.com/JaliscoRoofingLLC,,FB DM + Call,,,,Not contacted,,,
A - best fit,United Legends Roofing,36,5.0,(623) 248-6031,16357 W Yuma Rd,unitedlegendsroofing.com,Has website - sell AI receptionist + chat,,,facebook.com/p/United-Legends-Roofing-61563867328812,timothy@unitedlegendsroofing.com,Email + FB DM + Call,,,,Not contacted,,,
A - best fit,Arizona Valley Roofing INC - Roofing Contractor Cave Creek,39,4.5,(380) 227-2239,5743 E Windstone Trl,azvalleyroof.com,Has website - sell AI receptionist + chat,,,,,Call,,,,Not contacted,,,
A - best fit,Arizona Roofing Solutions,40,4.9,(480) 770-5055,1533 N Alma School Rd,arizonaroofsolutions.com,Has website - sell AI receptionist + chat,@arizonaroofingsolutions,https://www.instagram.com/arizonaroofingsolutions/,,,IG DM + Call,,,,Not contacted,,,
A - best fit,Priority Metal Roofing,40,4.9,(602) 560-9619,"Tierra Norte, 11731 W River Rd",metalroofingelmirage.com,Has website - sell AI receptionist + chat,,,,,Call,,,,Not contacted,,,
A - best fit,Star Roofing,41,4.4,(602) 944-3323,9201 N 9th Ave,starroofingaz.com,Has website - sell AI receptionist + chat,,,facebook.com/StarRoof,,FB DM + Call,,,,Not contacted,,,
A - best fit,Arizona Roofing Authority,42,4.9,(623) 321-7663,9034 N 23rd Ave #9A,arizonaroofingauthority.com,Has website - sell AI receptionist + chat,@azroofauthority,https://www.instagram.com/azroofauthority/,,info@arizonaroofingauthority.com,IG DM + Email + Call,,,,Not contacted,,,
A - best fit,Allstate Roofing Inc,43,5.0,(602) 441-2237,5019 W Vogel Ave,allstateroofingaz.com/glendale-roofing-contractor,Has website - sell AI receptionist + chat,@allstateroofingaz,https://www.instagram.com/allstateroofingaz/,,,IG DM + Call,,,,Not contacted,,,
A - best fit,Roof Masters of Arizona,43,5.0,(602) 799-3332,4535 N 12th St,roofmastersarizona.com,Has website - sell AI receptionist + chat,@roofmasters_az,https://www.instagram.com/roofmasters_az/,facebook.com/roofmastersofarizona,,IG DM + FB DM + Call,,,,Not contacted,,,
A - best fit,Ghost Roofing,44,4.9,(602) 625-7477,201 E Washington St Ste 500,ghostroofing.com,Has website - sell AI receptionist + chat,@ghostroofing,https://www.instagram.com/ghostroofing/,facebook.com/p/Ghost-Roofing-100094161937029,,IG DM + FB DM + Call,,,,Not contacted,,,
A - best fit,A1 Roofing Solutions,48,4.4,(480) 349-9726,1300 S Litchfield Rd #110-A,a1roofingaz.com,Has website - sell AI receptionist + chat,@a1.roofing,https://www.instagram.com/a1.roofing/,,,IG DM + Call,,,,Not contacted,,,
A - best fit,Glendale Roofing & Construction LLC,48,4.1,(623) 937-2540,13352 N 83rd Ave Suite A100,glendaleroofing.com,Has website - sell AI receptionist + chat,@glendale_roofing,https://www.instagram.com/glendale_roofing/,,,IG DM + Call,,,,Not contacted,,,
A - best fit,Casa Roofing LLC,48,5.0,(623) 418-3204,16021 N 30th St,casaroofingllc.com,Has website - sell AI receptionist + chat,,,facebook.com/CasaRoofingLLC,,FB DM + Call,,,,Not contacted,,,
A - best fit,Arizona Roof Rescue,49,4.7,(602) 242-2706,8646 W Glendale Ave,arizonaroofrescue.com,Has website - sell AI receptionist + chat,@azroofrescue,https://www.instagram.com/azroofrescue/,facebook.com/arizonaroofrescue,,IG DM + FB DM + Call,,,,Not contacted,,,
A - best fit,Desert Sands Contracting,49,5.0,(623) 695-1831,13794 W Waddell Rd,desertsandsroofing.com,Has website - sell AI receptionist + chat,,,facebook.com/p/Desert-Sands-Contracting-61569907217766,,FB DM + Call,,,,Not contacted,,,
A - best fit,Amax roofing inc,50,4.9,(623) 633-4331,11903 W Happy Valley Rd,amaxroofinginc.squarespace.com,Has website - sell AI receptionist + chat,@amaxroofinginc,https://www.instagram.com/amaxroofinginc/,,,IG DM + Call,,,,Not contacted,,,
A - best fit,Skye Builders,52,4.5,(602) 350-3075,17856 N 183rd Ave,skyebuildersllc.com,Has website - sell AI receptionist + chat,@skye_builders,https://www.instagram.com/skye_builders/,facebook.com/p/Skye-Builders-100063678835183,skye.buildersllc@outlook.com,IG DM + Email + FB DM + Call,,,,Not contacted,,,
A - best fit,Essential Roofing Guys Buckeye,54,4.7,(623) 471-5070,608 Monroe Ave #2,essentialroofingguys.com/buckeye-az,Has website - sell AI receptionist + chat,,,,,Call,,,,Not contacted,,,
A - best fit,Stapleton Roofing,54,4.6,(602) 833-7663,4070 W Clarendon Ave,stapletonroofing.com,Has website - sell AI receptionist + chat,@stapletonroofing,https://www.instagram.com/stapletonroofing/,,,IG DM + Call,,,,Not contacted,,,
A - best fit,Tacheny Exteriors,55,5.0,(480) 697-6300,325 S 48th St #106,mytacheny.com,Has website - sell AI receptionist + chat,@tacheny_exteriors_az,https://www.instagram.com/tacheny_exteriors_az/,,,IG DM + Call,,,,Not contacted,,,
A - best fit,"Rapid Roofing Plus, LLC",59,4.6,(623) 628-6372,3275 N Clanton St,rapidroofingplus.com,Has website - sell AI receptionist + chat,,,,,Call,,,,Not contacted,,,
A - best fit,"PCC Roofing & Construction, LLC",60,5.0,(602) 529-3332,,pccroofs.com,Has website - sell AI receptionist + chat,,,,,Call,,,,Not contacted,,,
A - best fit,Fernando Roofing,60,4.9,(602) 904-2902,5939 W Colter St,fernando-roofing.com,Has website - sell AI receptionist + chat,@fernando_roofing,https://www.instagram.com/fernando_roofing/,facebook.com/FernandoRoofing1,carlos@fernandoroofing.com,IG DM + Email + FB DM + Call,,,,Not contacted,,,
A - best fit,GTR roofing llc,62,4.9,(623) 462-5117,7915 N Glen Harbor Blvd,gtrroofing.com,Has website - sell AI receptionist + chat,@gtr_roofing_llc,https://www.instagram.com/gtr_roofing_llc/,,,IG DM + Call,,,,Not contacted,,,
A - best fit,Premier Roofing Contractors LLC.,62,4.9,(480) 387-7649,,fixazroofs.com,Has website - sell AI receptionist + chat,@premierroofingcontractorsllc.1,https://www.instagram.com/premierroofingcontractorsllc.1/,,,IG DM + Call,,,,Not contacted,,,
A - best fit,"Desert Canyon Roofing, LLC",63,4.7,(602) 628-9773,4638 W Palo Verde Dr,desertcanyonroofingllc.com,Has website - sell AI receptionist + chat,@desertcanyonroofingllc,https://www.instagram.com/desertcanyonroofingllc/,facebook.com/DesertCanyonRoofing,,IG DM + FB DM + Call,,,,Not contacted,,,
A - best fit,First Response Roofing,71,4.9,(480) 924-4444,1371 E Indigo St,firstresponseroofingaz.com,Has website - sell AI receptionist + chat,@firstresponseroofing,https://www.instagram.com/firstresponseroofing/,facebook.com/FirstResponseRoofingAZ,,IG DM + FB DM + Call,,,,Not contacted,,,
A - best fit,Gen2Roofing,72,5.0,(602) 619-5648,8544 W Laurel Ln,gen2roofing.com,Has website - sell AI receptionist + chat,@gen2roofing,https://www.instagram.com/gen2roofing/,,gen2roofing@gmail.com,IG DM + Email + Call,,,,Not contacted,,,
A - best fit,STARLIGHT ROOFING,76,5.0,(480) 244-5270,2801 E Camelback Rd Ste 200,starlightroofingcompany.com,Has website - sell AI receptionist + chat,@starlightroofingcompany,https://www.instagram.com/starlightroofingcompany/,,,IG DM + Call,,,,Not contacted,,,
A - best fit,Vertex Roofing,84,4.9,(602) 449-8428,3757 E Broadway Rd #1,vertexroofing.com,Has website - sell AI receptionist + chat,@vertexmetalroofing,https://www.instagram.com/vertexmetalroofing/,,azadmin@vertexroofing.com,IG DM + Email + Call,,,,Not contacted,,,
A - best fit,Thomas Roofing LLC,84,4.9,(623) 434-3900,2320 W Louise Dr,thomasroofingaz.com,Has website - sell AI receptionist + chat,@thomasroofingaz,https://www.instagram.com/thomasroofingaz/,facebook.com/ThomasRoofingAZ,,IG DM + FB DM + Call,,,,Not contacted,,,
A - best fit,Zona Roofing,90,4.9,(602) 362-3009,2224 W Desert Cove Ave Unit 208,zonaroofingaz.com,Has website - sell AI receptionist + chat,@zonaroofing,https://www.instagram.com/zonaroofing/,,,IG DM + Call,,,,Not contacted,,,
A - best fit,YM Roofing LLC,96,4.9,(602) 550-6369,13419 W Almeria Rd,ymroofing.com,Has website - sell AI receptionist + chat,@ymroofingllc,https://www.instagram.com/ymroofingllc/,facebook.com/YMRoofingLLC,,IG DM + FB DM + Call,,,,Not contacted,,,
A - best fit,AZ Roofing LLC,96,5.0,(602) 999-1333,,azroofllc.com,Has website - sell AI receptionist + chat,@az_roofing_llc,https://www.instagram.com/az_roofing_llc/,,,IG DM + Call,,,,Not contacted,,,
A - best fit,Triumph Roofing,99,5.0,(602) 935-8484,3701 W Anthem Way Ste 203-10,triumphaz.com,Has website - sell AI receptionist + chat,@triumphazroofing,https://www.instagram.com/triumphazroofing/,facebook.com/triumphaz,,IG DM + FB DM + Call,,,,Not contacted,,,
A - best fit,Phoenix Pro Roofing,100,5.0,(602) 342-6973,16165 N 83rd Ave Ste 200,phoenixproroofing.com/peoria-roofers,Has website - sell AI receptionist + chat,@phoenixproroofing,https://www.instagram.com/phoenixproroofing/,facebook.com/PhoenixProRoofing,,IG DM + FB DM + Call,,,,Not contacted,,,
A - best fit,"Advanced Roofing, LLC",101,4.8,(602) 350-4052,137 E Elliot Rd Unit 2262,advancedroofingaz.com,Has website - sell AI receptionist + chat,@advancedroofingaz,https://www.instagram.com/advancedroofingaz/,,,IG DM + Call,,,,Not contacted,,,
A - best fit,MSW Contracting llc,103,4.9,(602) 284-8542,2875 W Ray Rd Suite 6 #246,roofarizona.com,Has website - sell AI receptionist + chat,@mswcontracting,https://www.instagram.com/mswcontracting/,facebook.com/mswcontractingllc,info@roofarizona.com,IG DM + Email + FB DM + Call,,,,Not contacted,,,
A - best fit,Monsoon Roofing Inc,103,5.0,(480) 699-2754,1901 S 131st St,monsoonroofinginc.com,Has website - sell AI receptionist + chat,@monsoonroofinginc_az,https://www.instagram.com/monsoonroofinginc_az/,facebook.com/MonsoonRoofingInc,,IG DM + FB DM + Call,,,,Not contacted,,,
A - best fit,Patterson Roofing LLC,104,4.8,(602) 448-1008,17630 N 33rd Pl,pattersonroofingco.com,Has website - sell AI receptionist + chat,@pattersonroofing,https://www.instagram.com/pattersonroofing/,facebook.com/pattersonroofingco,,IG DM + FB DM + Call,,,,Not contacted,,,
A - best fit,Priority Roofing Company,105,4.9,(480) 462-2655,6033 N 57th Dr,priorityroofingaz.com,Has website - sell AI receptionist + chat,@priorityroofingaz,https://www.instagram.com/priorityroofingaz/,facebook.com/Priorityroofingcompany,,IG DM + FB DM + Call,,,,Not contacted,,,
A - best fit,Legacy Roofing,106,5.0,(623) 209-6696,42302 N Vision Way Ste 117,legacyroofingnow.com,Has website - sell AI receptionist + chat,@legacyroofingnow,https://www.instagram.com/legacyroofingnow/,facebook.com/legacyroofingnow,,IG DM + FB DM + Call,,,,Not contacted,,,
A - best fit,Allstate Roofing Inc.,109,4.9,(602) 620-2755,30521 N 126th Dr,allstateroofingaz.com/peoria,Has website - sell AI receptionist + chat,@allstateroofingaz,https://www.instagram.com/allstateroofingaz/,,,IG DM + Call,,,,Not contacted,,,
A - best fit,"Almeida Roofing, Inc.",112,4.5,(602) 743-3175,,almeidaroofing.com,Has website - sell AI receptionist + chat,@almeidaroofing,https://www.instagram.com/almeidaroofing/,,,IG DM + Call,,,,Not contacted,,,
A - best fit,Express Roofing LLC,116,4.9,(480) 226-4245,,myexpressroofingllc.com,Has website - sell AI receptionist + chat,,,facebook.com/ExpressRoofingLLC,jenna@expressroofingllc.com,Email + FB DM + Call,,,,Not contacted,,,
A - best fit,Crew Contracting,116,5.0,(602) 695-2827,1050 N Fairway Dr Suite H-106,crewcontractingllc.com,Has website - sell AI receptionist + chat,,,,,Call,,,,Not contacted,,,
A - best fit,American Roofing & Waterproofing LLC,116,4.7,(602) 314-4650,3837 E La Salle St,americanroofingnow.com,Has website - sell AI receptionist + chat,@americanroofing2019,https://www.instagram.com/americanroofing2019/,facebook.com/AmericanAssetRoofing,,IG DM + FB DM + Call,,,,Not contacted,,,
A - best fit,Tip Top Roofing Service,129,5.0,(480) 877-1643,6830 E 5th Ave Ste 205,tiptoproofingservice.com,Has website - sell AI receptionist + chat,@tiptop.roofing_service,https://www.instagram.com/tiptop.roofing_service/,facebook.com/p/Tip-Top-Roofing-Service-61567418979005,,IG DM + FB DM + Call,,,,Not contacted,,,
A - best fit,Advanced Quality Roofing LLC,130,4.9,(602) 918-5446,,advancedqualityroofingllc.com,Has website - sell AI receptionist + chat,@advanced_quality_roofing,https://www.instagram.com/advanced_quality_roofing/,facebook.com/AdvancedQualityRoofing,info@advancedqualityroofing.com,IG DM + Email + FB DM + Call,,,,Not contacted,,,
A - best fit,Ready Roofing AZ,131,5.0,(602) 751-3114,29455 N Cave Creek Rd Ste 118-447,readyroofingaz.com,Has website - sell AI receptionist + chat,@readyroofingaz,https://www.instagram.com/readyroofingaz/,facebook.com/readyroofingaz,steve@readyroofingaz.com,IG DM + Email + FB DM + Call,,,,Not contacted,,,
A - best fit,The Roofing Company,134,4.9,(480) 497-9651,935 E Sorenson Cir,theroofingcompanyinc.com,Has website - sell AI receptionist + chat,@theroofingcompanyinc,https://www.instagram.com/theroofingcompanyinc/,,,IG DM + Call,,,,Not contacted,,,
A - best fit,Arizona Roofing and Restoration,137,5.0,(602) 931-9464,6531 N 10th Pl,azroofpros.com,Has website - sell AI receptionist + chat,,,facebook.com/p/Arizona-Roofing-and-Restoration-61557138591243,,FB DM + Call,,,,Not contacted,,,
A - best fit,Koala-T Roofing,143,4.9,(602) 348-6127,30304 N 163rd Ave,koalatroofing.com,Has website - sell AI receptionist + chat,@koalatroofing,https://www.instagram.com/koalatroofing/,facebook.com/koalatroofs,,IG DM + FB DM + Call,,,,Not contacted,,,
A - best fit,Reyes Roofing LLC,145,4.9,(480) 828-3040,2733 W Maryland Ave,reyesroofingllc.co,Has website - sell AI receptionist + chat,@reyesroofing_llc,https://www.instagram.com/reyesroofing_llc/,facebook.com/roofingreyesllc,,IG DM + FB DM + Call,,,,Not contacted,,,
A - best fit,Estrella Roofing LLC,148,4.7,(602) 373-4313,2622 N 115th Dr,estrellaroofing.com,Has website - sell AI receptionist + chat,@estrellaroofingllc,https://www.instagram.com/estrellaroofingllc/,,,IG DM + Call,,,,Not contacted,,,
B - good,Arizona Roofing Company,3,2.3,(480) 526-9455,,arizonaroofingco.com,Has website - sell AI receptionist + chat,,,,,Call,,,,Not contacted,,,
B - good,EZ Roofing Company LLC,5,5.0,(623) 900-8797,18107 W Dunlap Rd,ezroofingcompany.com,Has website - sell AI receptionist + chat,,,,,Call,,,,Not contacted,,,
B - good,Arizona Native Roofing,5,4.0,(602) 348-6559,24008 N 104th Ave,arizonanativeroofing.com,Has website - sell AI receptionist + chat,,,,,Call,,,,Not contacted,,,
B - good,LHF ROOFING LLC,9,5.0,(602) 815-3876,,lhfroofingllc.com,Has website - sell AI receptionist + chat,,,,,Call,,,,Not contacted,,,
B - good,GOAT Roofing,151,4.9,(480) 909-5548,10105 E Brown Rd,goatroofaz.com,Has website - sell AI receptionist + chat,,,,,Call,,,,Not contacted,,,
B - good,Canyon State Roofing & Consulting,152,5.0,(602) 400-1635,4809 E Thistle Landing Dr #100,canyonstateroofs.com,Has website - sell AI receptionist + chat,,,,,Call,,,,Not contacted,,,
B - good,America Roofing,156,4.3,(602) 237-2478,1005 S 30th Ave,americaroofingco.com/phoenix,Has website - sell AI receptionist + chat,@americaroofingaz,https://www.instagram.com/americaroofingaz/,,,IG DM + Call,,,,Not contacted,,,
B - good,Scottsdale Roofing and Gutters,159,5.0,(480) 426-0885,8075 E Morgan Trail,scottsdaleroofingandgutters.com,Has website - sell AI receptionist + chat,@scottsdaleroofingandgutters,https://www.instagram.com/scottsdaleroofingandgutters/,,,IG DM + Call,,,,Not contacted,,,
B - good,Black Wolf Roofing,161,4.9,(602) 818-5364,125 N Sunway Dr,blackwolfroofingco.com,Has website - sell AI receptionist + chat,,,,,Call,,,,Not contacted,,,
B - good,Arizona Roofing Systems,164,4.7,(480) 218-8888,935 E Sorenson Cir,azroofingsystems.com,Has website - sell AI receptionist + chat,@azroofingsystems,https://www.instagram.com/azroofingsystems/,,,IG DM + Call,,,,Not contacted,,,
B - good,Valley Roofing and Repair,181,5.0,(623) 250-7663,4010 N 27th Ave Building C,valleyroofingandrepair.com,Has website - sell AI receptionist + chat,@valleyroofingandrepair,https://www.instagram.com/valleyroofingandrepair/,,,IG DM + Call,,,,Not contacted,,,
B - good,Desert State Roofing,193,5.0,(602) 377-0683,35241 N 51st St,desertstateroofing.com,Has website - sell AI receptionist + chat,,,,,Call,,,,Not contacted,,,
B - good,Arizona's Finest Roofing LLC,198,4.9,(480) 292-7159,36480 N Texas Ranger Rd,arizonasfinestroofing.com,Has website - sell AI receptionist + chat,,,,,Call,,,,Not contacted,,,
B - good,Premium Roofing LLC,211,4.8,(602) 639-1637,14021 N 51st Ave Ste 117,premiumroofllc.com,Has website - sell AI receptionist + chat,,,,,Call,,,,Not contacted,,,
B - good,Arizona Pristine Roofing LLC,215,4.9,(623) 257-7663,20976 E Raven Dr,arizonapristineroofing.com,Has website - sell AI receptionist + chat,,,,,Call,,,,Not contacted,,,
B - good,Phoenix Roofers by Allstate Roofing Contractors,218,4.9,(602) 484-7663,2955 W Clarendon Ave,allstateroofingaz.com/phoenix,Has website - sell AI receptionist + chat,,,,,Call,,,,Not contacted,,,
B - good,Irish Roofing Company,220,4.9,(480) 613-8815,7377 E Doubletree Ranch Rd a 280,irishroofingcompany.com,Has website - sell AI receptionist + chat,,,,,Call,,,,Not contacted,,,
B - good,Precision Roofing LLC,239,5.0,(602) 456-0323,8449 W Laurel Ln,precisionroofingaz.com,Has website - sell AI receptionist + chat,,,,,Call,,,,Not contacted,,,
B - good,Titan Roofing & Construction,239,4.9,(602) 300-0177,1107 S Gilbert Rd #210,titanroofingaz.com,Has website - sell AI receptionist + chat,,,,,Call,,,,Not contacted,,,
B - good,Frontline Consultants & Contracting LLC Roofing,241,4.5,(928) 252-6055,9162 W Cactus Rd D,frontlineconsultantsllc.com,Has website - sell AI receptionist + chat,,,,,Call,,,,Not contacted,,,
B - good,Ironwood Roofing,242,4.9,(602) 909-0178,20802 N Grayhawk Dr,ironwoodroofing.com,Has website - sell AI receptionist + chat,,,,,Call,,,,Not contacted,,,
B - good,Roofs Arizona,253,5.0,(602) 463-0805,,roofsarizona.com,Has website - sell AI receptionist + chat,,,,,Call,,,,Not contacted,,,
B - good,Scott Roofing Company,261,4.7,(602) 442-7663,24777 N 15th Ave,scottroofingco.com,Has website - sell AI receptionist + chat,,,,,Call,,,,Not contacted,,,
B - good,United Roofing and General Contracting,270,4.8,(602) 962-8428,7729 E Greenway Rd #100,unitedcontractinggroup.com,Has website - sell AI receptionist + chat,,,,,Call,,,,Not contacted,,,
B - good,Brown Roofing LLC,280,4.9,(602) 626-5559,11627 N 17th Pl,brownroofingaz.com,Has website - sell AI receptionist + chat,,,,,Call,,,,Not contacted,,,
B - good,Armored Roofing,285,4.9,(623) 242-7122,15412 N 99th Ave Ste 30,armoredroofingusa.com,Has website - sell AI receptionist + chat,,,,,Call,,,,Not contacted,,,
B - good,Icon Roofing,321,4.9,(480) 427-7600,2150 E Brown Rd #4,iconroofingaz.com,Has website - sell AI receptionist + chat,,,,,Call,,,,Not contacted,,,
B - good,RENCO Roofing,324,4.6,(602) 806-9799,2210 W Shangri La Rd a1,rencoroofing.com,Has website - sell AI receptionist + chat,,,,,Call,,,,Not contacted,,,
B - good,Multi-Pro Roof Solutions,338,4.9,(602) 888-7663,2027 W Bethany Home Rd,multiproroof.com,Has website - sell AI receptionist + chat,,,,,Call,,,,Not contacted,,,
B - good,SUNVEK Roofing,342,4.9,(623) 349-7663,525 E Pinnacle Peak Rd #180,sunvek.com/locations/phoenix,Has website - sell AI receptionist + chat,,,,,Call,,,,Not contacted,,,
B - good,KY-KO Roofing,373,4.6,(602) 755-4065,1825 W Knudsen Dr #220B,kykoroofing.com,Has website - sell AI receptionist + chat,@kykoroofing,https://www.instagram.com/kykoroofing/,,,IG DM + Call,,,,Not contacted,,,
B - good,Rob's Roofing & Remodeling,375,4.7,(480) 687-3604,2198 E Camelback Rd Ste 200,robsroofing.us/locations/phoenix,Has website - sell AI receptionist + chat,,,,,Call,,,,Not contacted,,,
B - good,Real Roofing,378,4.9,(602) 910-2708,481 N Arizona Ave,realroofingofficial.com,Has website - sell AI receptionist + chat,,,,,Call,,,,Not contacted,,,
B - good,Eco Roofing Solutions,381,4.8,(480) 695-7736,75 W Baseline Rd #19,ecoroofaz.com,Has website - sell AI receptionist + chat,,,,,Call,,,,Not contacted,,,
B - good,Priority Roofing,383,4.9,(602) 761-6591,19082 N R H Johnson Blvd,priorityroofingaz.com,Has website - sell AI receptionist + chat,,,,,Call,,,,Not contacted,,,
B - good,Axis Roofing,388,4.9,(480) 567-0105,6928 E Main St #101,axisroofing.com,Has website - sell AI receptionist + chat,,,,,Call,,,,Not contacted,,,
C - large (likely has call center),AZ Shingle Pros,506,5.0,(602) 888-3744,22402 N 24th Ave Ste 3,azshinglepros.com,Has website - sell AI receptionist + chat,,,,,Call,,,,Not contacted,,,
C - large (likely has call center),Stonecreek Roofing,645,4.9,(602) 324-3400,10221 N 32nd St Ste a,roofingcompaniesphoenix.com,Has website - sell AI receptionist + chat,,,,,Call,,,,Not contacted,,,
C - large (likely has call center),State 48 Roofing,682,4.8,(480) 698-4828,1381 N Pioneer St,state48roofing.com,Has website - sell AI receptionist + chat,,,,,Call,,,,Not contacted,,,
C - large (likely has call center),Johnson Roofing Llc,696,4.9,(480) 467-4572,,johnsonroofingaz.com,Has website - sell AI receptionist + chat,@johnsonroofingarizona,https://www.instagram.com/johnsonroofingarizona/,,,IG DM + Call,,,,Not contacted,,,
C - large (likely has call center),Lyons Roofing,707,4.8,(602) 276-5515,878 W Illini St,lyonsroofing.com,Has website - sell AI receptionist + chat,,,,,Call,,,,Not contacted,,,
C - large (likely has call center),Overson Roofing,750,4.8,(480) 618-1198,842 E Isabella Ave Ste. 101,oversonroofing.com,Has website - sell AI receptionist + chat,,,,,Call,,,,Not contacted,,,
C - large (likely has call center),Arizona Roofers,807,5.0,(480) 613-8932,4836 E McDowell Rd C100,arizonaroofers.com,Has website - sell AI receptionist + chat,,,,,Call,,,,Not contacted,,,
C - large (likely has call center),Phoenix Roofing & Repair,1060,4.9,(602) 837-7663,301 E Bethany Home Rd A-121,phoenixroofingandrepair.com,Has website - sell AI receptionist + chat,@bestphoenixroofers,https://www.instagram.com/bestphoenixroofers/,,,IG DM + Call,,,,Not contacted,,,
C - large (likely has call center),All About Roofing LLC,1071,4.8,(602) 500-0652,13200 W Foxfire Dr,allaboutroofing.com,Has website - sell AI receptionist + chat,,,,,Call,,,,Not contacted,,,
C - large (likely has call center),Roof Pros,1594,4.9,(480) 916-9444,2010 E University Dr #8,arizonaroofpros.co,Has website - sell AI receptionist + chat,,,,,Call,,,,Not contacted,,,
C - skip,"EcoSystems America, llc",18,5.0,(623) 313-3194,7300 West Butler Drive,,No website - sell AI site + receptionist,,,,,Call,,,,Not contacted,,,
C - skip,Arizona Roofing Contractors Association,8,4.3,(602) 335-0133,3839 N 3rd St Unit 106,azroofing.org,Has website - sell AI receptionist + chat,,,,,Call,,,,Not contacted,,,
